-47,5409812927246;-15,5816097259521;0;5,78999996185303
-47,5409812927246;-15,5816097259521;0,150000005960464;5,78999996185303
-47,5409812927246;-15,5816097259521;2,44000005722046;5,78999996185303
-47,5409812927246;-15,5816097259521;2,44000005722046;5,78999996185303
-47,5409812927246;-15,5816097259521;2,44000005722046;5,78999996185303
-47,5409889221191;-15,5816202163696;2,44000005722046;5,78999996185303
-47,5409889221191;-15,5816202163696;2,44000005722046;5,78999996185303
-47,5410194396973;-15,5816297531128;2,44000005722046;5,78999996185303
-47,5410308837891;-15,5816297531128;11,8999996185303;5,78999996185303
-47,5410385131836;-15,5816402435303;11,8999996185303;5,78999996185303
-47,5410385131836;-15,5816402435303;11,8999996185303;5,78999996185303
-47,5410499572754;-15,5816402435303;11,8999996185303;5,78999996185303
-47,5410614013672;-15,5816402435303;11,8999996185303;5,78999996185303
-47,5410614013672;-15,5816402435303;11,8999996185303;5,78999996185303
-47,5410614013672;-15,5816402435303;11,8999996185303;5,78999996185303
-47,5410690307617;-15,5816402435303;11,8999996185303;5,78999996185303
-47,541088104248;-15,5816402435303;11,8999996185303;5,78999996185303
-47,5410995483398;-15,5816402435303;11,8999996185303;5,78999996185303
-47,5411109924316;-15,5816402435303;11,8999996185303;5,78999996185303
-47,5411186218262;-15,5816402435303;19,1200008392334;5,78999996185303
-47,5411186218262;-15,5816402435303;19,1200008392334;5,78999996185303
-47,541130065918;-15,5816402435303;19,1200008392334;2,01999998092651
-47,541130065918;-15,5816402435303;19,1200008392334;2,01999998092651
-47,5411491394043;-15,5816402435303;19,1200008392334;2,01999998092651
-47,5411605834961;-15,5816402435303;19,1200008392334;2,01999998092651
-47,5411796569824;-15,5816402435303;19,1200008392334;2,01999998092651
-47,5411911010742;-15,5816402435303;19,1200008392334;2,01999998092651
-47,5411911010742;-15,5816402435303;19,1200008392334;2,01999998092651
-47,5411911010742;-15,5816402435303;19,1200008392334;2,01999998092651
-47,5412101745605;-15,5816402435303;19,1200008392334;2,01999998092651
-47,5412216186523;-15,5816402435303;19,1200008392334;2,01999998092651
-47,5412216186523;-15,5816402435303;19,1200008392334;2,01999998092651
-47,5412406921387;-15,5816402435303;19,1200008392334;2,01999998092651
-47,5412406921387;-15,5816402435303;19,1200008392334;2,01999998092651
-47,5412406921387;-15,5816402435303;27,3199996948242;2,01999998092651
-47,5412483215332;-15,5816402435303;27,3199996948242;2,01999998092651
-47,5412788391113;-15,5816402435303;27,3199996948242;2,01999998092651
-47,5412788391113;-15,5816402435303;27,3199996948242;2,01999998092651
-47,5412788391113;-15,5816402435303;27,3199996948242;2,01999998092651
-47,5413017272949;-15,5816402435303;27,3199996948242;2,01999998092651
-47,5413017272949;-15,5816402435303;27,3199996948242;1,80999994277954
-47,5413017272949;-15,5816402435303;27,3199996948242;1,80999994277954
-47,5413017272949;-15,5816402435303;27,3199996948242;1,80999994277954
-47,5413017272949;-15,5816402435303;27,3199996948242;1,80999994277954
-47,5413017272949;-15,5816402435303;27,3199996948242;1,80999994277954
-47,5413208007813;-15,5816402435303;27,3199996948242;1,80999994277954
-47,5413208007813;-15,5816402435303;27,3199996948242;1,80999994277954
-47,5413208007813;-15,5816402435303;27,3199996948242;1,80999994277954
-47,5413208007813;-15,5816402435303;27,3199996948242;1,80999994277954
-47,5413284301758;-15,5816402435303;31,9500007629395;1,80999994277954
-47,5413284301758;-15,5816402435303;31,9500007629395;1,80999994277954
-47,5413284301758;-15,5816402435303;31,9500007629395;1,80999994277954
-47,5413284301758;-15,5816402435303;31,9500007629395;1,80999994277954
-47,5413513183594;-15,5816402435303;31,9500007629395;1,80999994277954
-47,5413513183594;-15,5816402435303;31,9500007629395;1,80999994277954
-47,5413513183594;-15,5816402435303;31,9500007629395;1,80999994277954
-47,5413513183594;-15,5816402435303;31,9500007629395;1,80999994277954
-47,5413513183594;-15,5816402435303;31,9500007629395;1,57000005245209
-47,5413513183594;-15,5816402435303;31,9500007629395;1,57000005245209
-47,5413703918457;-15,5816402435303;31,9500007629395;1,57000005245209
-47,5413703918457;-15,5816402435303;31,9500007629395;1,57000005245209
-47,5413818359375;-15,5816402435303;31,9500007629395;1,57000005245209
-47,5414009094238;-15,5816402435303;31,9500007629395;1,57000005245209
-47,5414009094238;-15,5816402435303;31,9500007629395;1,57000005245209
-47,5414199829102;-15,5816402435303;31,9500007629395;1,57000005245209
-47,5414199829102;-15,5816402435303;31,9500007629395;1,57000005245209
-47,5414199829102;-15,5816402435303;31,9500007629395;1,57000005245209
-47,5415992736816;-15,5816402435303;31,9500007629395;1,57000005245209
-47,5415992736816;-15,5816402435303;31,9500007629395;1,57000005245209
-47,5415992736816;-15,5816402435303;31,9500007629395;1,57000005245209
-47,541618347168;-15,5816402435303;31,9500007629395;1,57000005245209
-47,5416488647461;-15,5816402435303;43,4799995422363;1,57000005245209
-47,5416488647461;-15,5816402435303;43,4799995422363;1,57000005245209
-47,5416488647461;-15,5816402435303;43,4799995422363;1,57000005245209
-47,5416717529297;-15,5816402435303;43,4799995422363;1,57000005245209
-47,5416717529297;-15,5816402435303;43,4799995422363;1,62000000476837
-47,541690826416;-15,5816402435303;43,4799995422363;1,62000000476837
-47,541690826416;-15,5816402435303;43,4799995422363;1,62000000476837
-47,5417098999023;-15,5816402435303;43,4799995422363;1,62000000476837
-47,5417098999023;-15,5816402435303;43,4799995422363;1,62000000476837
-47,5417098999023;-15,5816402435303;43,4799995422363;1,62000000476837
-47,5417404174805;-15,5816402435303;43,4799995422363;1,62000000476837
-47,5417404174805;-15,5816402435303;43,4799995422363;1,62000000476837
-47,5417404174805;-15,5816402435303;43,4799995422363;1,62000000476837
-47,5417404174805;-15,5816402435303;43,4799995422363;1,62000000476837
-47,5417404174805;-15,5816402435303;43,4799995422363;1,62000000476837
-47,5417404174805;-15,5816402435303;43,4799995422363;1,62000000476837
-47,5417404174805;-15,5816402435303;43,4799995422363;1,62000000476837
-47,5417404174805;-15,5816402435303;43,4799995422363;1,62000000476837
-47,5417404174805;-15,5816402435303;43,4799995422363;1,62000000476837
-47,5417404174805;-15,5816402435303;43,4799995422363;1,62000000476837
-47,5417404174805;-15,5816402435303;43,3899993896484;1,62000000476837
-47,5417404174805;-15,5816402435303;43,3899993896484;1,01999998092651
-47,5417404174805;-15,5816402435303;43,3899993896484;1,01999998092651
-47,5417404174805;-15,5816402435303;43,3899993896484;1,01999998092651
-47,5417404174805;-15,5816402435303;43,3899993896484;1,01999998092651
-47,5417404174805;-15,5816402435303;43,3899993896484;1,01999998092651
-47,5417404174805;-15,5816402435303;43,3899993896484;1,01999998092651
-47,5417404174805;-15,5816402435303;43,3899993896484;1,01999998092651
-47,5417404174805;-15,5816402435303;43,3899993896484;1,01999998092651
-47,5417404174805;-15,5816402435303;43,3899993896484;1,01999998092651
-47,5417404174805;-15,5816402435303;43,3899993896484;1,01999998092651
-47,5417404174805;-15,5816402435303;43,3899993896484;1,01999998092651
-47,5417404174805;-15,5816402435303;43,3899993896484;1,01999998092651
-47,5417594909668;-15,5816402435303;43,3899993896484;1,01999998092651
-47,5417594909668;-15,5816402435303;43,3899993896484;1,01999998092651
-47,5417594909668;-15,5816402435303;43,3899993896484;1,01999998092651
-47,5417594909668;-15,5816402435303;43,3899993896484;1,01999998092651
-47,5417594909668;-15,5816402435303;43,3899993896484;1,01999998092651
-47,5417594909668;-15,5816402435303;43,3899993896484;1,01999998092651
-47,5419883728027;-15,5816402435303;43,3899993896484;1,20000004768372
-47,5419883728027;-15,5816402435303;43,3899993896484;1,20000004768372
-47,5419883728027;-15,5816402435303;43,3899993896484;1,20000004768372
-47,5419883728027;-15,5816402435303;43,3899993896484;1,20000004768372
-47,5420684814453;-15,5816497802734;43,3899993896484;1,20000004768372
-47,5420684814453;-15,5816497802734;50,2099990844727;1,20000004768372
-47,5420684814453;-15,5816497802734;50,2099990844727;1,20000004768372
-47,5420684814453;-15,5816497802734;50,2099990844727;1,20000004768372
-47,5420684814453;-15,5816497802734;50,2099990844727;1,20000004768372
-47,5420684814453;-15,5816497802734;50,2099990844727;1,20000004768372
-47,542121887207;-15,5816497802734;50,2099990844727;1,20000004768372
-47,542121887207;-15,5816497802734;50,2099990844727;1,20000004768372
-47,542121887207;-15,5816497802734;50,2099990844727;1,20000004768372
-47,542121887207;-15,5816497802734;50,2099990844727;1,20000004768372
-47,542121887207;-15,5816497802734;50,2099990844727;1,20000004768372
-47,542121887207;-15,5816497802734;50,2099990844727;1,20000004768372
-47,542121887207;-15,5816497802734;50,2099990844727;1,30999994277954
-47,5422096252441;-15,5816497802734;50,2099990844727;1,30999994277954
-47,5422096252441;-15,5816497802734;50,2099990844727;1,30999994277954
-47,5422096252441;-15,5816497802734;50,2099990844727;1,30999994277954
-47,5422096252441;-15,5816497802734;50,2099990844727;1,30999994277954
-47,5422096252441;-15,5816497802734;50,2099990844727;1,30999994277954
-47,5422096252441;-15,5816497802734;50,2099990844727;1,30999994277954
-47,5422592163086;-15,5816497802734;50,2099990844727;1,30999994277954
-47,5422592163086;-15,5816497802734;50,2099990844727;1,30999994277954
-47,5422592163086;-15,5816497802734;50,2099990844727;1,30999994277954
-47,5422592163086;-15,5816497802734;50,2099990844727;1,30999994277954
-47,5422592163086;-15,5816497802734;50,2099990844727;1,30999994277954
-47,5422592163086;-15,5816497802734;50,2099990844727;1,30999994277954
-47,5423393249512;-15,5816402435303;50,2099990844727;1,30999994277954
-47,5423393249512;-15,5816402435303;53,1800003051758;1,30999994277954
-47,5423393249512;-15,5816402435303;53,1800003051758;1,30999994277954
-47,5423393249512;-15,5816402435303;53,1800003051758;1,30999994277954
-47,5423393249512;-15,5816402435303;53,1800003051758;1,12999999523163
-47,5423393249512;-15,5816402435303;53,1800003051758;1,12999999523163
-47,5423393249512;-15,5816402435303;53,1800003051758;1,12999999523163
-47,5423393249512;-15,5816402435303;53,1800003051758;1,12999999523163
-47,5424194335938;-15,5816402435303;53,1800003051758;1,12999999523163
-47,5424194335938;-15,5816402435303;53,1800003051758;1,12999999523163
-47,5424194335938;-15,5816402435303;53,1800003051758;1,12999999523163
-47,5424995422363;-15,5816402435303;53,1800003051758;1,12999999523163
-47,5424995422363;-15,5816402435303;53,1800003051758;1,12999999523163
-47,5425300598145;-15,5816402435303;53,1800003051758;1,12999999523163
-47,5425300598145;-15,5816402435303;53,1800003051758;1,12999999523163
-47,5425300598145;-15,5816402435303;53,1800003051758;1,12999999523163
-47,5425605773926;-15,5816402435303;53,1800003051758;1,12999999523163
-47,5425605773926;-15,5816402435303;53,1800003051758;1,12999999523163
-47,5425605773926;-15,5816402435303;53,1800003051758;1,12999999523163
-47,5425605773926;-15,5816402435303;53,1800003051758;1,12999999523163
-47,5425605773926;-15,5816402435303;53,1800003051758;1,12999999523163
-47,5425605773926;-15,5816402435303;53,1800003051758;1,12999999523163
-47,5425605773926;-15,5816402435303;53,1800003051758;0,949999988079071
-47,5425605773926;-15,5816402435303;53,1800003051758;0,949999988079071
-47,5425796508789;-15,5816402435303;53,1800003051758;0,949999988079071
-47,5425796508789;-15,5816402435303;53,1800003051758;0,949999988079071
-47,5425796508789;-15,5816402435303;53,1800003051758;0,949999988079071
-47,5425796508789;-15,5816402435303;51,189998626709;0,949999988079071
-47,5425796508789;-15,5816402435303;51,189998626709;0,949999988079071
-47,5425796508789;-15,5816402435303;51,189998626709;0,949999988079071
-47,5425796508789;-15,5816402435303;51,189998626709;0,949999988079071
-47,5427093505859;-15,5816497802734;51,189998626709;0,949999988079071
-47,5427093505859;-15,5816497802734;51,189998626709;0,949999988079071
-47,5427093505859;-15,5816497802734;51,189998626709;0,949999988079071
-47,5427093505859;-15,5816497802734;51,189998626709;0,949999988079071
-47,5427093505859;-15,5816497802734;51,189998626709;0,949999988079071
-47,5427093505859;-15,5816497802734;51,189998626709;0,949999988079071
-47,5427093505859;-15,5816497802734;51,189998626709;0,949999988079071
-47,5427093505859;-15,5816497802734;51,189998626709;0,949999988079071
-47,5427093505859;-15,5816497802734;51,189998626709;0,949999988079071
-47,5427093505859;-15,5816497802734;51,189998626709;0,949999988079071
-47,5427398681641;-15,5816497802734;51,189998626709;1,03999996185303
-47,5427398681641;-15,5816497802734;51,189998626709;1,03999996185303
-47,5427398681641;-15,5816497802734;51,189998626709;1,03999996185303
-47,5427398681641;-15,5816497802734;51,189998626709;1,03999996185303
-47,5427398681641;-15,5816497802734;51,189998626709;1,03999996185303
-47,5428199768066;-15,5816497802734;51,189998626709;1,03999996185303
-47,5428199768066;-15,5816497802734;51,189998626709;1,03999996185303
-47,5428199768066;-15,5816497802734;51,189998626709;1,03999996185303
-47,5428199768066;-15,5816497802734;51,189998626709;1,03999996185303
-47,5428199768066;-15,5816497802734;51,189998626709;1,03999996185303
-47,5428199768066;-15,5816497802734;55,2400016784668;1,03999996185303
-47,5429916381836;-15,5816497802734;55,2400016784668;1,35000002384186
-47,5429916381836;-15,5816497802734;55,2400016784668;1,35000002384186
-47,5429916381836;-15,5816497802734;55,2400016784668;1,35000002384186
-47,5429916381836;-15,5816497802734;55,2400016784668;1,35000002384186
-47,5429916381836;-15,5816497802734;55,2400016784668;1,35000002384186
-47,5429916381836;-15,5816497802734;55,2400016784668;1,35000002384186
-47,5430183410645;-15,5816497802734;55,2400016784668;1,35000002384186
-47,5430183410645;-15,5816497802734;55,2400016784668;1,35000002384186
-47,5430183410645;-15,5816497802734;55,2400016784668;1,35000002384186
-47,5430183410645;-15,5816497802734;55,2400016784668;1,35000002384186
-47,5430183410645;-15,5816497802734;55,2400016784668;1,35000002384186
-47,5430183410645;-15,5816497802734;55,2400016784668;1,35000002384186
-47,5430183410645;-15,5816497802734;55,2400016784668;1,35000002384186
-47,5430793762207;-15,5816497802734;55,2400016784668;1,35000002384186
-47,5430793762207;-15,5816497802734;55,2400016784668;1,35000002384186
-47,5430793762207;-15,5816497802734;55,2400016784668;1,35000002384186
-47,5430793762207;-15,5816497802734;55,2400016784668;1,35000002384186
-47,5430793762207;-15,5816497802734;55,2400016784668;1,35000002384186
-47,5430793762207;-15,5816497802734;55,2400016784668;1,48000001907349
-47,5430793762207;-15,5816497802734;55,2400016784668;1,48000001907349
-47,5430793762207;-15,5816497802734;55,2400016784668;1,48000001907349
-47,543140411377;-15,5816497802734;55,2400016784668;1,48000001907349
-47,543140411377;-15,5816497802734;55,2400016784668;1,48000001907349
-47,543140411377;-15,5816497802734;57,060001373291;1,48000001907349
-47,543140411377;-15,5816497802734;57,060001373291;1,48000001907349
-47,543140411377;-15,5816497802734;57,060001373291;1,48000001907349
-47,543140411377;-15,5816497802734;57,060001373291;1,48000001907349
-47,543140411377;-15,5816497802734;57,060001373291;1,48000001907349
-47,543140411377;-15,5816497802734;57,060001373291;1,48000001907349
-47,543140411377;-15,5816497802734;57,060001373291;1,48000001907349
-47,543140411377;-15,5816497802734;57,060001373291;1,48000001907349
-47,543140411377;-15,5816497802734;57,060001373291;1,48000001907349
-47,543140411377;-15,5816497802734;57,060001373291;1,48000001907349
-47,5432281494141;-15,5816497802734;57,060001373291;1,48000001907349
-47,5432281494141;-15,5816497802734;57,060001373291;0,910000026226044
-47,5432281494141;-15,5816497802734;57,060001373291;0,910000026226044
-47,5432281494141;-15,5816497802734;57,060001373291;0,910000026226044
-47,5432281494141;-15,5816497802734;57,060001373291;0,910000026226044
-47,5432281494141;-15,5816497802734;57,060001373291;0,910000026226044
-47,5432281494141;-15,5816497802734;57,060001373291;0,910000026226044
-47,5432281494141;-15,5816497802734;57,060001373291;0,910000026226044
-47,5433807373047;-15,5816497802734;57,060001373291;0,910000026226044
-47,5433807373047;-15,5816497802734;57,060001373291;0,910000026226044
-47,5433807373047;-15,5816497802734;57,060001373291;0,910000026226044
-47,5433807373047;-15,5816497802734;57,060001373291;0,910000026226044
-47,5433807373047;-15,5816497802734;57,060001373291;0,910000026226044
-47,5433807373047;-15,5816497802734;57,060001373291;0,910000026226044
-47,5433807373047;-15,5816497802734;57,060001373291;0,910000026226044
-47,5434608459473;-15,5816497802734;57,060001373291;0,910000026226044
-47,5434608459473;-15,5816497802734;55,9599990844727;0,910000026226044
-47,5434608459473;-15,5816497802734;55,9599990844727;0,910000026226044
-47,5434608459473;-15,5816497802734;55,9599990844727;1,25999999046326
-47,5434608459473;-15,5816497802734;55,9599990844727;1,25999999046326
-47,5434608459473;-15,5816497802734;55,9599990844727;1,25999999046326
-47,5435485839844;-15,5816497802734;55,9599990844727;1,25999999046326
-47,5435485839844;-15,5816497802734;55,9599990844727;1,25999999046326
-47,5435485839844;-15,5816497802734;55,9599990844727;1,25999999046326
-47,5435485839844;-15,5816497802734;55,9599990844727;1,25999999046326
-47,5435485839844;-15,5816497802734;55,9599990844727;1,25999999046326
-47,5435485839844;-15,5816497802734;55,9599990844727;1,25999999046326
-47,5435791015625;-15,5816497802734;55,9599990844727;1,25999999046326
-47,5435791015625;-15,5816497802734;55,9599990844727;1,25999999046326
-47,5435791015625;-15,5816497802734;55,9599990844727;1,25999999046326
-47,5435791015625;-15,5816497802734;55,9599990844727;1,25999999046326
-47,5435791015625;-15,5816497802734;55,9599990844727;1,25999999046326
-47,5435791015625;-15,5816497802734;55,9599990844727;1,25999999046326
-47,5436592102051;-15,5816497802734;55,9599990844727;1,25999999046326
-47,5436592102051;-15,5816497802734;55,9599990844727;1,25999999046326
-47,5436592102051;-15,5816497802734;55,9599990844727;1,25999999046326
-47,5436592102051;-15,5816497802734;55,9599990844727;1,25999999046326
-47,5436592102051;-15,5816497802734;55,9599990844727;2,49000000953674
-47,5436592102051;-15,5816497802734;55,9599990844727;2,49000000953674
-47,5436592102051;-15,5816497802734;55,9599990844727;2,49000000953674
-47,5437202453613;-15,5816497802734;55,9599990844727;2,49000000953674
-47,5437202453613;-15,5816497802734;55,9599990844727;2,49000000953674
-47,5437812805176;-15,5816497802734;55,9599990844727;2,49000000953674
-47,5437812805176;-15,5816497802734;55,9599990844727;2,49000000953674
-47,5438003540039;-15,5816497802734;56,5499992370605;2,49000000953674
-47,5438003540039;-15,5816497802734;56,5499992370605;2,49000000953674
-47,5438003540039;-15,5816497802734;56,5499992370605;2,49000000953674
-47,5438003540039;-15,5816497802734;56,5499992370605;2,49000000953674
-47,5438613891602;-15,5816497802734;56,5499992370605;2,49000000953674
-47,5438613891602;-15,5816497802734;56,5499992370605;2,49000000953674
-47,5438613891602;-15,5816497802734;56,5499992370605;2,49000000953674
-47,5439186096191;-15,5816497802734;56,5499992370605;2,49000000953674
-47,5439186096191;-15,5816497802734;56,5499992370605;1,17999994754791
-47,5439186096191;-15,5816497802734;56,5499992370605;1,17999994754791
-47,5439186096191;-15,5816497802734;56,5499992370605;1,17999994754791
-47,5439491271973;-15,5816497802734;56,5499992370605;1,17999994754791
-47,5439491271973;-15,5816497802734;56,5499992370605;1,17999994754791
-47,5439491271973;-15,5816497802734;56,5499992370605;1,17999994754791
-47,5439796447754;-15,5816497802734;56,5499992370605;1,17999994754791
-47,5439796447754;-15,5816497802734;56,5499992370605;1,17999994754791
-47,5439987182617;-15,5816497802734;56,5499992370605;1,17999994754791
-47,5439987182617;-15,5816497802734;56,5499992370605;1,17999994754791
-47,5439987182617;-15,5816497802734;56,5499992370605;1,17999994754791
-47,5439987182617;-15,5816497802734;56,5499992370605;1,17999994754791
-47,5439987182617;-15,5816497802734;56,5499992370605;1,17999994754791
-47,5439987182617;-15,5816497802734;56,5499992370605;1,17999994754791
-47,5439987182617;-15,5816497802734;56,5499992370605;1,17999994754791
-47,5440292358398;-15,5816497802734;56,5499992370605;1,17999994754791
-47,5440292358398;-15,5816497802734;56,5499992370605;1,17999994754791
-47,5440292358398;-15,5816497802734;56,5499992370605;1,17999994754791
-47,5440292358398;-15,5816497802734;54,4700012207031;1,21000003814697
-47,5440902709961;-15,5816497802734;54,4700012207031;1,21000003814697
-47,5440902709961;-15,5816497802734;54,4700012207031;1,21000003814697
-47,5440902709961;-15,5816497802734;54,4700012207031;1,21000003814697
-47,5440902709961;-15,5816497802734;54,4700012207031;1,21000003814697
-47,5440902709961;-15,5816497802734;54,4700012207031;1,21000003814697
-47,5440902709961;-15,5816497802734;54,4700012207031;1,21000003814697
-47,5440902709961;-15,5816497802734;54,4700012207031;1,21000003814697
-47,5440902709961;-15,5816497802734;54,4700012207031;1,21000003814697
-47,5440902709961;-15,5816497802734;54,4700012207031;1,21000003814697
-47,5440902709961;-15,5816497802734;54,4700012207031;1,21000003814697
-47,5441513061523;-15,5816497802734;54,4700012207031;1,21000003814697
-47,5441513061523;-15,5816497802734;54,4700012207031;1,21000003814697
-47,5441513061523;-15,5816497802734;54,4700012207031;1,21000003814697
-47,5441513061523;-15,5816497802734;54,4700012207031;1,21000003814697
-47,5442390441895;-15,5816497802734;54,4700012207031;1,21000003814697
-47,5442390441895;-15,5816497802734;54,4700012207031;1,21000003814697
-47,5442390441895;-15,5816497802734;54,4700012207031;1,21000003814697
-47,5442390441895;-15,5816497802734;54,4700012207031;1,5900000333786
-47,5442390441895;-15,5816497802734;54,4700012207031;1,5900000333786
-47,5442390441895;-15,5816497802734;54,4700012207031;1,5900000333786
-47,5442390441895;-15,5816497802734;54,4700012207031;1,5900000333786
-47,5442695617676;-15,5816497802734;54,4700012207031;1,5900000333786
-47,5442695617676;-15,5816497802734;54,4700012207031;1,5900000333786
-47,5442695617676;-15,5816497802734;54,4700012207031;1,5900000333786
-47,5442695617676;-15,5816497802734;54,4700012207031;1,5900000333786
-47,5442695617676;-15,5816497802734;54,4700012207031;1,5900000333786
-47,5442695617676;-15,5816497802734;54,4700012207031;1,5900000333786
-47,544361114502;-15,5816497802734;54,4700012207031;1,5900000333786
-47,544361114502;-15,5816497802734;54,4700012207031;1,5900000333786
-47,544361114502;-15,5816497802734;58,5999984741211;1,5900000333786
-47,544361114502;-15,5816497802734;58,5999984741211;1,5900000333786
-47,544361114502;-15,5816497802734;58,5999984741211;1,5900000333786
-47,544361114502;-15,5816497802734;58,5999984741211;1,5900000333786
-47,5444183349609;-15,5816497802734;58,5999984741211;1,5900000333786
-47,5444183349609;-15,5816497802734;58,5999984741211;1,5900000333786
-47,5444183349609;-15,5816497802734;58,5999984741211;1,5900000333786
-47,5444793701172;-15,5816497802734;58,5999984741211;0,879999995231628
-47,5444793701172;-15,5816497802734;58,5999984741211;0,879999995231628
-47,5444793701172;-15,5816497802734;58,5999984741211;0,879999995231628
-47,5444984436035;-15,5816497802734;58,5999984741211;0,879999995231628
-47,5444984436035;-15,5816497802734;58,5999984741211;0,879999995231628
-47,5444984436035;-15,5816497802734;58,5999984741211;0,879999995231628
-47,5444984436035;-15,5816497802734;58,5999984741211;0,879999995231628
-47,5444984436035;-15,5816497802734;58,5999984741211;0,879999995231628
-47,5444984436035;-15,5816497802734;58,5999984741211;0,879999995231628
-47,5444984436035;-15,5816497802734;58,5999984741211;0,879999995231628
-47,5445289611816;-15,5816497802734;58,5999984741211;0,879999995231628
-47,5445289611816;-15,5816497802734;58,5999984741211;0,879999995231628
-47,5445289611816;-15,5816497802734;58,5999984741211;0,879999995231628
-47,5445289611816;-15,5816497802734;58,5999984741211;0,879999995231628
-47,5445289611816;-15,5816497802734;58,5999984741211;0,879999995231628
-47,5445289611816;-15,5816497802734;58,5999984741211;0,879999995231628
-47,5445289611816;-15,5816497802734;58,5999984741211;0,879999995231628
-47,5445899963379;-15,5816497802734;58,5999984741211;0,879999995231628
-47,5445899963379;-15,5816497802734;58,5999984741211;0,879999995231628
-47,5445899963379;-15,5816497802734;58,5999984741211;1,35000002384186
-47,5445899963379;-15,5816497802734;54,4099998474121;1,35000002384186
-47,5446510314941;-15,5816497802734;54,4099998474121;1,35000002384186
-47,5446510314941;-15,5816497802734;54,4099998474121;1,35000002384186
-47,5446510314941;-15,5816497802734;54,4099998474121;1,35000002384186
-47,5446510314941;-15,5816497802734;54,4099998474121;1,35000002384186
-47,5446510314941;-15,5816497802734;54,4099998474121;1,35000002384186
-47,5446510314941;-15,5816497802734;54,4099998474121;1,35000002384186
-47,5447387695313;-15,5816497802734;54,4099998474121;1,35000002384186
-47,5447387695313;-15,5816497802734;54,4099998474121;1,35000002384186
-47,5447387695313;-15,5816497802734;54,4099998474121;1,35000002384186
-47,5447387695313;-15,5816497802734;54,4099998474121;1,35000002384186
-47,5447387695313;-15,5816497802734;54,4099998474121;1,35000002384186
-47,5447387695313;-15,5816497802734;54,4099998474121;1,35000002384186
-47,5447387695313;-15,5816497802734;54,4099998474121;1,35000002384186
-47,5447387695313;-15,5816497802734;54,4099998474121;1,35000002384186
-47,5447998046875;-15,5816497802734;54,4099998474121;1,35000002384186
-47,5447998046875;-15,5816497802734;54,4099998474121;1,35000002384186
-47,5447998046875;-15,5816497802734;54,4099998474121;1,35000002384186
-47,5447998046875;-15,5816497802734;54,4099998474121;1,35000002384186
-47,5447998046875;-15,5816497802734;54,4099998474121;1,35000002384186
-47,5447998046875;-15,5816497802734;54,4099998474121;1,35000002384186
-47,5447998046875;-15,5816497802734;54,4099998474121;1,35000002384186
-47,5447998046875;-15,5816497802734;54,4099998474121;1,35000002384186
-47,544921875;-15,5816497802734;54,4099998474121;1,35000002384186
-47,544921875;-15,5816497802734;54,4099998474121;1,35000002384186
-47,544921875;-15,5816497802734;59,1599998474121;1,35000002384186
-47,544921875;-15,5816497802734;59,1599998474121;1,35000002384186
-47,544921875;-15,5816497802734;59,1599998474121;1,35000002384186
-47,544921875;-15,5816497802734;59,1599998474121;1,42999994754791
-47,5449981689453;-15,5816497802734;59,1599998474121;1,42999994754791
-47,5449981689453;-15,5816497802734;59,1599998474121;1,42999994754791
-47,5450592041016;-15,5816497802734;59,1599998474121;1,42999994754791
-47,5450592041016;-15,5816497802734;59,1599998474121;1,42999994754791
-47,5450592041016;-15,5816497802734;59,1599998474121;1,42999994754791
-47,5450897216797;-15,5816497802734;59,1599998474121;1,42999994754791
-47,5450897216797;-15,5816497802734;59,1599998474121;1,42999994754791
-47,5450897216797;-15,5816497802734;59,1599998474121;1,42999994754791
-47,5450897216797;-15,5816497802734;59,1599998474121;1,42999994754791
-47,5450897216797;-15,5816497802734;59,1599998474121;1,42999994754791
-47,5450897216797;-15,5816497802734;59,1599998474121;1,42999994754791
-47,5450897216797;-15,5816497802734;59,1599998474121;1,42999994754791
-47,5451202392578;-15,5816497802734;59,1599998474121;1,42999994754791
-47,5451202392578;-15,5816497802734;59,1599998474121;1,23000001907349
-47,5451202392578;-15,5816497802734;59,1599998474121;1,23000001907349
-47,5451202392578;-15,5816497802734;59,1599998474121;1,23000001907349
-47,5451202392578;-15,5816497802734;59,1599998474121;1,23000001907349
-47,5451202392578;-15,5816497802734;59,1599998474121;1,23000001907349
-47,545238494873;-15,5816497802734;59,1599998474121;1,23000001907349
-47,545238494873;-15,5816497802734;59,3199996948242;1,23000001907349
-47,545238494873;-15,5816497802734;59,3199996948242;1,23000001907349
-47,545238494873;-15,5816497802734;59,3199996948242;1,23000001907349
-47,545238494873;-15,5816497802734;59,3199996948242;1,23000001907349
-47,545238494873;-15,5816497802734;59,3199996948242;1,23000001907349
-47,545238494873;-15,5816497802734;59,3199996948242;1,23000001907349
-47,545238494873;-15,5816497802734;59,3199996948242;1,23000001907349
-47,5453300476074;-15,5816602706909;59,3199996948242;1,23000001907349
-47,5453300476074;-15,5816602706909;59,3199996948242;0,949999988079071
-47,5453300476074;-15,5816602706909;59,3199996948242;0,949999988079071
-47,5453300476074;-15,5816602706909;59,3199996948242;0,949999988079071
-47,5453300476074;-15,5816602706909;59,3199996948242;0,949999988079071
-47,5453300476074;-15,5816602706909;59,3199996948242;0,949999988079071
-47,5453300476074;-15,5816602706909;59,3199996948242;0,949999988079071
-47,5454216003418;-15,5816602706909;59,3199996948242;0,949999988079071
-47,5454216003418;-15,5816602706909;59,3199996948242;0,949999988079071
-47,5454216003418;-15,5816602706909;59,3199996948242;0,949999988079071
-47,5454216003418;-15,5816602706909;59,3199996948242;0,949999988079071
-47,5454216003418;-15,5816602706909;59,3199996948242;0,949999988079071
-47,5455093383789;-15,5816602706909;59,3199996948242;0,949999988079071
-47,5455093383789;-15,5816602706909;59,3199996948242;0,949999988079071
-47,5455589294434;-15,5816602706909;59,3199996948242;0,949999988079071
-47,5455589294434;-15,5816602706909;59,3199996948242;0,949999988079071
-47,5455894470215;-15,5816602706909;56,7200012207031;2,09999990463257
-47,5455894470215;-15,5816602706909;56,7200012207031;2,09999990463257
-47,5455894470215;-15,5816602706909;56,7200012207031;2,09999990463257
-47,5455894470215;-15,5816602706909;56,7200012207031;2,09999990463257
-47,5455894470215;-15,5816602706909;56,7200012207031;2,09999990463257
-47,5456199645996;-15,5816602706909;56,7200012207031;2,09999990463257
-47,5456199645996;-15,5816602706909;56,7200012207031;2,09999990463257
-47,5456504821777;-15,5816602706909;56,7200012207031;2,09999990463257
-47,5456504821777;-15,5816602706909;56,7200012207031;2,09999990463257
-47,5456504821777;-15,5816602706909;56,7200012207031;2,09999990463257
-47,5456504821777;-15,5816602706909;56,7200012207031;2,09999990463257
-47,5456504821777;-15,5816602706909;56,7200012207031;2,09999990463257
-47,5456504821777;-15,5816602706909;56,7200012207031;2,09999990463257
-47,5456504821777;-15,5816602706909;56,7200012207031;2,09999990463257
-47,5456504821777;-15,5816602706909;56,7200012207031;2,09999990463257
-47,5456504821777;-15,5816602706909;56,7200012207031;2,09999990463257
-47,5456504821777;-15,5816602706909;56,7200012207031;2,09999990463257
-47,5456809997559;-15,5816602706909;56,7200012207031;2,09999990463257
-47,5456809997559;-15,5816602706909;56,7200012207031;1,14999997615814
-47,5456809997559;-15,5816602706909;56,7200012207031;1,14999997615814
-47,5457992553711;-15,5816602706909;56,7200012207031;1,14999997615814
-47,5457992553711;-15,5816602706909;56,7200012207031;1,14999997615814
-47,5457992553711;-15,5816602706909;56,7200012207031;1,14999997615814
-47,5457992553711;-15,5816602706909;56,7200012207031;1,14999997615814
-47,5457992553711;-15,5816602706909;56,7200012207031;1,14999997615814
-47,5457992553711;-15,5816602706909;56,7200012207031;1,14999997615814
-47,5457992553711;-15,5816602706909;56,7200012207031;1,14999997615814
-47,5457992553711;-15,5816602706909;56,7200012207031;1,14999997615814
-47,5458183288574;-15,5816602706909;56,2099990844727;1,14999997615814
-47,5458183288574;-15,5816602706909;56,2099990844727;1,14999997615814
-47,5458183288574;-15,5816602706909;56,2099990844727;1,14999997615814
-47,5459098815918;-15,5816602706909;56,2099990844727;1,14999997615814
-47,5459098815918;-15,5816602706909;56,2099990844727;1,14999997615814
-47,5459098815918;-15,5816602706909;56,2099990844727;1,14999997615814
-47,5459098815918;-15,5816602706909;56,2099990844727;1,14999997615814
-47,5459098815918;-15,5816602706909;56,2099990844727;1,14999997615814
-47,5459098815918;-15,5816602706909;56,2099990844727;1,14999997615814
-47,5459098815918;-15,5816602706909;56,2099990844727;1,05999994277954
-47,5459098815918;-15,5816602706909;56,2099990844727;1,05999994277954
-47,5459098815918;-15,5816602706909;56,2099990844727;1,05999994277954
-47,5459098815918;-15,5816602706909;56,2099990844727;1,05999994277954
-47,5459403991699;-15,5816602706909;56,2099990844727;1,05999994277954
-47,5459403991699;-15,5816602706909;56,2099990844727;1,05999994277954
-47,5459403991699;-15,5816602706909;56,2099990844727;1,05999994277954
-47,5459403991699;-15,5816602706909;56,2099990844727;1,05999994277954
-47,5459403991699;-15,5816602706909;56,2099990844727;1,05999994277954
-47,5459403991699;-15,5816602706909;56,2099990844727;1,05999994277954
-47,5460205078125;-15,5816602706909;56,2099990844727;1,05999994277954
-47,5460205078125;-15,5816602706909;56,2099990844727;1,05999994277954
-47,5460205078125;-15,5816602706909;56,2099990844727;1,05999994277954
-47,5460205078125;-15,5816602706909;56,2099990844727;1,05999994277954
-47,5460205078125;-15,5816602706909;56,2099990844727;1,05999994277954
-47,5460205078125;-15,5816602706909;56,2099990844727;1,05999994277954
-47,5461006164551;-15,5816602706909;56,2099990844727;1,05999994277954
-47,5461006164551;-15,5816602706909;56,2099990844727;1,32000005245209
-47,5461006164551;-15,5816602706909;53,9599990844727;1,32000005245209
-47,5461006164551;-15,5816602706909;53,9599990844727;1,32000005245209
-47,5461006164551;-15,5816602706909;53,9599990844727;1,32000005245209
-47,5461006164551;-15,5816602706909;53,9599990844727;1,32000005245209
-47,5461616516113;-15,5816602706909;53,9599990844727;1,32000005245209
-47,5461616516113;-15,5816602706909;53,9599990844727;1,32000005245209
-47,5461616516113;-15,5816602706909;53,9599990844727;1,32000005245209
-47,5461616516113;-15,5816602706909;53,9599990844727;1,32000005245209
-47,5461616516113;-15,5816602706909;53,9599990844727;1,32000005245209
-47,5462417602539;-15,5816602706909;53,9599990844727;1,32000005245209
-47,5462417602539;-15,5816602706909;53,9599990844727;1,32000005245209
-47,5462417602539;-15,5816602706909;53,9599990844727;1,32000005245209
-47,5462684631348;-15,5816602706909;53,9599990844727;1,32000005245209
-47,5462684631348;-15,5816602706909;53,9599990844727;1,32000005245209
-47,5463218688965;-15,5816602706909;53,9599990844727;1,32000005245209
-47,5463218688965;-15,5816602706909;53,9599990844727;1,47000002861023
-47,5463218688965;-15,5816602706909;53,9599990844727;1,47000002861023
-47,5463409423828;-15,5816602706909;53,9599990844727;1,47000002861023
-47,5463409423828;-15,5816602706909;53,9599990844727;1,47000002861023
-47,5463409423828;-15,5816602706909;53,9599990844727;1,47000002861023
-47,5463409423828;-15,5816602706909;53,9599990844727;1,47000002861023
-47,5463409423828;-15,5816602706909;53,9599990844727;1,47000002861023
-47,5463714599609;-15,5816602706909;53,9599990844727;1,47000002861023
-47,5463714599609;-15,5816602706909;53,9599990844727;1,47000002861023
-47,5463714599609;-15,5816602706909;53,9599990844727;1,47000002861023
-47,5463714599609;-15,5816602706909;51,1599998474121;1,47000002861023
-47,5463714599609;-15,5816602706909;51,1599998474121;1,47000002861023
-47,5463714599609;-15,5816602706909;51,1599998474121;1,47000002861023
-47,5463714599609;-15,5816602706909;51,1599998474121;1,47000002861023
-47,5464210510254;-15,5816602706909;51,1599998474121;1,47000002861023
-47,5464210510254;-15,5816602706909;51,1599998474121;1,47000002861023
-47,5464210510254;-15,5816602706909;51,1599998474121;1,47000002861023
-47,5464706420898;-15,5816602706909;51,1599998474121;1,47000002861023
-47,5464706420898;-15,5816602706909;51,1599998474121;1,47000002861023
-47,5464706420898;-15,5816602706909;51,1599998474121;1,47000002861023
-47,5464706420898;-15,5816602706909;51,1599998474121;1,21000003814697
-47,5464706420898;-15,5816602706909;51,1599998474121;1,21000003814697
-47,5465316772461;-15,5816602706909;51,1599998474121;1,21000003814697
-47,5465316772461;-15,5816602706909;51,1599998474121;1,21000003814697
-47,5465316772461;-15,5816602706909;51,1599998474121;1,21000003814697
-47,5465316772461;-15,5816602706909;51,1599998474121;1,21000003814697
-47,5465316772461;-15,5816602706909;51,1599998474121;1,21000003814697
-47,5465316772461;-15,5816602706909;51,1599998474121;1,21000003814697
-47,5465316772461;-15,5816602706909;51,1599998474121;1,21000003814697
-47,5465812683105;-15,5816602706909;51,1599998474121;1,21000003814697
-47,5465812683105;-15,5816602706909;51,1599998474121;1,21000003814697
-47,546630859375;-15,5816602706909;51,1599998474121;1,21000003814697
-47,546630859375;-15,5816602706909;51,1599998474121;1,21000003814697
-47,546630859375;-15,5816602706909;51,1599998474121;1,21000003814697
-47,546630859375;-15,5816602706909;51,1599998474121;1,21000003814697
-47,546630859375;-15,5816602706909;51,1599998474121;1,21000003814697
-47,546630859375;-15,5816602706909;47,4300003051758;1,21000003814697
-47,5466499328613;-15,5816602706909;47,4300003051758;1,21000003814697
-47,5466995239258;-15,5816602706909;47,4300003051758;1,24000000953674
-47,5467300415039;-15,5816602706909;47,4300003051758;1,24000000953674
-47,5467300415039;-15,5816602706909;47,4300003051758;1,24000000953674
-47,5467300415039;-15,5816602706909;47,4300003051758;1,24000000953674
-47,5467300415039;-15,5816602706909;47,4300003051758;1,24000000953674
-47,5467491149902;-15,5816602706909;47,4300003051758;1,24000000953674
-47,5467796325684;-15,5816602706909;47,4300003051758;1,24000000953674
-47,5467796325684;-15,5816602706909;47,4300003051758;1,24000000953674
-47,5467796325684;-15,5816602706909;47,4300003051758;1,24000000953674
-47,5467796325684;-15,5816602706909;47,4300003051758;1,24000000953674
-47,5467987060547;-15,5816602706909;47,4300003051758;1,24000000953674
-47,5467987060547;-15,5816602706909;47,4300003051758;1,24000000953674
-47,5467987060547;-15,5816602706909;47,4300003051758;1,24000000953674
-47,5467987060547;-15,5816602706909;47,4300003051758;1,24000000953674
-47,5468482971191;-15,5816602706909;47,4300003051758;1,24000000953674
-47,5468482971191;-15,5816602706909;47,4300003051758;1,24000000953674
-47,5468482971191;-15,5816602706909;47,4300003051758;1,24000000953674
-47,5468788146973;-15,5816602706909;47,4300003051758;1,24000000953674
-47,5468788146973;-15,5816602706909;47,4300003051758;1,24000000953674
-47,5468788146973;-15,5816602706909;47,4300003051758;1,25999999046326
-47,5468788146973;-15,5816602706909;47,4300003051758;1,25999999046326
-47,5469017028809;-15,5816602706909;47,4300003051758;1,25999999046326
-47,5469017028809;-15,5816602706909;47,4300003051758;1,25999999046326
-47,5469017028809;-15,5816602706909;49,2299995422363;1,25999999046326
-47,5469017028809;-15,5816602706909;49,2299995422363;1,25999999046326
-47,5469017028809;-15,5816602706909;49,2299995422363;1,25999999046326
-47,5469017028809;-15,5816602706909;49,2299995422363;1,25999999046326
-47,5469017028809;-15,5816602706909;49,2299995422363;1,25999999046326
-47,5469512939453;-15,5816602706909;49,2299995422363;1,25999999046326
-47,5469512939453;-15,5816602706909;49,2299995422363;1,25999999046326
-47,5470008850098;-15,5816602706909;49,2299995422363;1,25999999046326
-47,5470008850098;-15,5816602706909;49,2299995422363;1,25999999046326
-47,5470314025879;-15,5816602706909;49,2299995422363;1,25999999046326
-47,5470314025879;-15,5816602706909;49,2299995422363;1,25999999046326
-47,5470314025879;-15,5816602706909;49,2299995422363;1,25999999046326
-47,5470314025879;-15,5816602706909;49,2299995422363;1,25999999046326
-47,5470504760742;-15,5816602706909;49,2299995422363;1,25999999046326
-47,5470504760742;-15,5816602706909;49,2299995422363;1,25999999046326
-47,5470504760742;-15,5816602706909;49,2299995422363;1,17999994754791
-47,5470504760742;-15,5816602706909;49,2299995422363;1,17999994754791
-47,5470504760742;-15,5816602706909;49,2299995422363;1,17999994754791
-47,5470809936523;-15,5816602706909;49,2299995422363;1,17999994754791
-47,5471305847168;-15,5816602706909;49,2299995422363;1,17999994754791
-47,5471305847168;-15,5816602706909;49,2299995422363;1,17999994754791
-47,5471305847168;-15,5816602706909;49,2299995422363;1,17999994754791
-47,5471305847168;-15,5816602706909;49,2299995422363;1,17999994754791
-47,5471305847168;-15,5816602706909;49,2299995422363;1,17999994754791
-47,5471305847168;-15,5816602706909;48,1699981689453;1,17999994754791
-47,5471496582031;-15,5816602706909;48,1699981689453;1,17999994754791
-47,5471992492676;-15,5816602706909;48,1699981689453;1,17999994754791
-47,5471992492676;-15,5816602706909;48,1699981689453;1,17999994754791
-47,5471992492676;-15,5816602706909;48,1699981689453;1,17999994754791
-47,5472297668457;-15,5816602706909;48,1699981689453;1,17999994754791
-47,5472297668457;-15,5816602706909;48,1699981689453;1,17999994754791
-47,5472297668457;-15,5816602706909;48,1699981689453;1,17999994754791
-47,5472297668457;-15,5816602706909;48,1699981689453;0,970000028610229
-47,547248840332;-15,5816602706909;48,1699981689453;0,970000028610229
-47,547248840332;-15,5816602706909;48,1699981689453;0,970000028610229
-47,547248840332;-15,5816602706909;48,1699981689453;0,970000028610229
-47,547248840332;-15,5816602706909;48,1699981689453;0,970000028610229
-47,547248840332;-15,5816602706909;48,1699981689453;0,970000028610229
-47,5472984313965;-15,5816602706909;48,1699981689453;0,970000028610229
-47,5472984313965;-15,5816602706909;48,1699981689453;0,970000028610229
-47,5473518371582;-15,5816602706909;48,1699981689453;0,970000028610229
-47,5473518371582;-15,5816602706909;48,1699981689453;0,970000028610229
-47,5473518371582;-15,5816602706909;48,1699981689453;0,970000028610229
-47,5473709106445;-15,5816602706909;48,1699981689453;0,970000028610229
-47,5473709106445;-15,5816602706909;48,1699981689453;0,970000028610229
-47,5473709106445;-15,5816602706909;48,1699981689453;0,970000028610229
-47,5473709106445;-15,5816602706909;48,1699981689453;0,970000028610229
-47,5474014282227;-15,5816602706909;48,1699981689453;0,970000028610229
-47,5474014282227;-15,5816602706909;48,1699981689453;0,970000028610229
-47,5474014282227;-15,5816602706909;48,1699981689453;0,970000028610229
-47,5474014282227;-15,5816602706909;48,1699981689453;0,970000028610229
-47,5474014282227;-15,5816602706909;48,1699981689453;0,970000028610229
-47,547420501709;-15,5816602706909;48,1699981689453;1,51999998092651
-47,547420501709;-15,5816602706909;48,1699981689453;1,51999998092651
-47,547420501709;-15,5816602706909;48,1699981689453;1,51999998092651
-47,5474700927734;-15,5816602706909;48,1699981689453;1,51999998092651
-47,5474700927734;-15,5816602706909;48,1699981689453;1,51999998092651
-47,5474700927734;-15,5816602706909;48,1699981689453;1,51999998092651
-47,5474700927734;-15,5816602706909;48,1699981689453;1,51999998092651
-47,5475006103516;-15,5816602706909;48,1699981689453;1,51999998092651
-47,5475006103516;-15,5816602706909;48,1699981689453;1,51999998092651
-47,5475006103516;-15,5816602706909;48,1699981689453;1,51999998092651
-47,5475006103516;-15,5816602706909;48,1699981689453;1,51999998092651
-47,5475006103516;-15,5816602706909;48,1699981689453;1,51999998092651
-47,5475006103516;-15,5816602706909;48,1699981689453;1,51999998092651
-47,547550201416;-15,5816602706909;48,1699981689453;1,51999998092651
-47,547550201416;-15,5816602706909;48,1699981689453;1,51999998092651
-47,5475997924805;-15,5816602706909;48,1699981689453;1,51999998092651
-47,5475997924805;-15,5816602706909;48,1699981689453;1,51999998092651
-47,5475997924805;-15,5816602706909;48,1699981689453;1,51999998092651
-47,5476188659668;-15,5816602706909;48,1699981689453;1,51999998092651
-47,5476188659668;-15,5816602706909;48,1699981689453;1,26999998092651
-47,5476188659668;-15,5816602706909;48,1699981689453;1,26999998092651
-47,5476188659668;-15,5816602706909;48,1699981689453;1,26999998092651
-47,5476188659668;-15,5816602706909;48,1699981689453;1,26999998092651
-47,5476188659668;-15,5816602706909;48,1699981689453;1,26999998092651
-47,5476493835449;-15,5816602706909;50,6699981689453;1,26999998092651
-47,5476493835449;-15,5816602706909;50,6699981689453;1,26999998092651
-47,5476493835449;-15,5816602706909;50,6699981689453;1,26999998092651
-47,5476493835449;-15,5816602706909;50,6699981689453;1,26999998092651
-47,5476493835449;-15,5816602706909;50,6699981689453;1,26999998092651
-47,5476493835449;-15,5816602706909;50,6699981689453;1,26999998092651
-47,5476989746094;-15,5816602706909;50,6699981689453;1,26999998092651
-47,5476989746094;-15,5816602706909;50,6699981689453;1,26999998092651
-47,5476989746094;-15,5816602706909;50,6699981689453;1,26999998092651
-47,5476989746094;-15,5816602706909;50,6699981689453;1,26999998092651
-47,5476989746094;-15,5816602706909;50,6699981689453;1,26999998092651
-47,5476989746094;-15,5816602706909;50,6699981689453;1,26999998092651
-47,5477714538574;-15,5816602706909;50,6699981689453;1,26999998092651
-47,5477714538574;-15,5816602706909;50,6699981689453;1,26999998092651
-47,5478210449219;-15,5816602706909;50,6699981689453;1,26999998092651
-47,5478210449219;-15,5816602706909;50,6699981689453;1,5
-47,5478210449219;-15,5816602706909;50,6699981689453;1,5
-47,5478210449219;-15,5816602706909;50,6699981689453;1,5
-47,5478210449219;-15,5816602706909;50,6699981689453;1,5
-47,5478210449219;-15,5816602706909;50,6699981689453;1,5
-47,5478515625;-15,5816602706909;50,6699981689453;1,5
-47,5478515625;-15,5816602706909;50,6699981689453;1,5
-47,5479011535645;-15,5816602706909;50,6699981689453;1,5
-47,5479011535645;-15,5816602706909;50,6699981689453;1,5
-47,5479011535645;-15,5816602706909;50,6699981689453;1,5
-47,5479011535645;-15,5816602706909;50,6699981689453;1,5
-47,5479202270508;-15,5816602706909;46,7900009155273;1,5
-47,5479202270508;-15,5816602706909;46,7900009155273;1,5
-47,5479202270508;-15,5816602706909;46,7900009155273;1,5
-47,5479507446289;-15,5816602706909;46,7900009155273;1,5
-47,5479507446289;-15,5816602706909;46,7900009155273;1,5
-47,5479698181152;-15,5816602706909;46,7900009155273;1,5
-47,5479698181152;-15,5816602706909;46,7900009155273;1,5
-47,5479698181152;-15,5816602706909;46,7900009155273;1,5
-47,5479698181152;-15,5816602706909;46,7900009155273;1,10000002384186
-47,5479888916016;-15,5816602706909;46,7900009155273;1,10000002384186
-47,5479888916016;-15,5816602706909;46,7900009155273;1,10000002384186
-47,5479888916016;-15,5816602706909;46,7900009155273;1,10000002384186
-47,5479888916016;-15,5816602706909;46,7900009155273;1,10000002384186
-47,5479888916016;-15,5816602706909;46,7900009155273;1,10000002384186
-47,5479888916016;-15,5816602706909;46,7900009155273;1,10000002384186
-47,5480690002441;-15,5816602706909;46,7900009155273;1,10000002384186
-47,5480690002441;-15,5816602706909;46,7900009155273;1,10000002384186
-47,5480690002441;-15,5816602706909;46,7900009155273;1,10000002384186
-47,5480690002441;-15,5816602706909;46,7900009155273;1,10000002384186
-47,5480690002441;-15,5816602706909;46,7900009155273;1,10000002384186
-47,5480690002441;-15,5816602706909;46,7900009155273;1,10000002384186
-47,5481185913086;-15,5816602706909;46,7900009155273;1,10000002384186
-47,5481185913086;-15,5816602706909;46,7900009155273;1,10000002384186
-47,5481185913086;-15,5816602706909;46,7900009155273;1,10000002384186
-47,5481185913086;-15,5816602706909;46,7900009155273;1,10000002384186
-47,5481185913086;-15,5816602706909;47,5499992370605;1,10000002384186
-47,5481185913086;-15,5816602706909;47,5499992370605;1,0900000333786
-47,5481185913086;-15,5816602706909;47,5499992370605;1,0900000333786
-47,5481185913086;-15,5816602706909;47,5499992370605;1,0900000333786
-47,5481605529785;-15,5816602706909;47,5499992370605;1,0900000333786
-47,5481605529785;-15,5816602706909;47,5499992370605;1,0900000333786
-47,5481605529785;-15,5816602706909;47,5499992370605;1,0900000333786
-47,5481605529785;-15,5816602706909;47,5499992370605;1,0900000333786
-47,5481605529785;-15,5816602706909;47,5499992370605;1,0900000333786
-47,5481605529785;-15,5816602706909;47,5499992370605;1,0900000333786
-47,5482597351074;-15,5816602706909;47,5499992370605;1,0900000333786
-47,5482597351074;-15,5816602706909;47,5499992370605;1,0900000333786
-47,5482597351074;-15,5816602706909;47,5499992370605;1,0900000333786
-47,5483093261719;-15,5816602706909;47,5499992370605;1,0900000333786
-47,5483093261719;-15,5816602706909;47,5499992370605;1,0900000333786
-47,5483093261719;-15,5816602706909;47,5499992370605;1,0900000333786
-47,5483093261719;-15,5816602706909;47,5499992370605;1,0900000333786
-47,5483093261719;-15,5816602706909;47,5499992370605;1,0900000333786
-47,5483283996582;-15,5816602706909;47,5499992370605;1,0900000333786
-47,5483283996582;-15,5816602706909;47,5499992370605;1,0900000333786
-47,5483818054199;-15,5816602706909;47,5499992370605;1,66999995708466
-47,5483818054199;-15,5816602706909;47,5499992370605;1,66999995708466
-47,5483818054199;-15,5816602706909;47,5499992370605;1,66999995708466
-47,5484085083008;-15,5816602706909;47,3400001525879;1,66999995708466
-47,5484085083008;-15,5816602706909;47,3400001525879;1,66999995708466
-47,5484085083008;-15,5816602706909;47,3400001525879;1,66999995708466
-47,5484085083008;-15,5816602706909;47,3400001525879;1,66999995708466
-47,5484085083008;-15,5816602706909;47,3400001525879;1,66999995708466
-47,5484085083008;-15,5816602706909;47,3400001525879;1,66999995708466
-47,5484085083008;-15,5816602706909;47,3400001525879;1,66999995708466
-47,5484085083008;-15,5816602706909;47,3400001525879;1,66999995708466
-47,5484313964844;-15,5816602706909;47,3400001525879;1,66999995708466
-47,5484313964844;-15,5816602706909;47,3400001525879;1,66999995708466
-47,5484313964844;-15,5816602706909;47,3400001525879;1,66999995708466
-47,5484313964844;-15,5816602706909;47,3400001525879;1,66999995708466
-47,548511505127;-15,5816602706909;47,3400001525879;1,66999995708466
-47,548511505127;-15,5816602706909;47,3400001525879;1,66999995708466
-47,548511505127;-15,5816602706909;47,3400001525879;1,66999995708466
-47,5485610961914;-15,5816698074341;47,3400001525879;1,1599999666214
-47,5485610961914;-15,5816698074341;47,3400001525879;1,1599999666214
-47,5485610961914;-15,5816698074341;47,3400001525879;1,1599999666214
-47,5485610961914;-15,5816698074341;47,3400001525879;1,1599999666214
-47,5485610961914;-15,5816698074341;47,3400001525879;1,1599999666214
-47,5485610961914;-15,5816698074341;47,3400001525879;1,1599999666214
-47,5485610961914;-15,5816698074341;47,3400001525879;1,1599999666214
-47,5485992431641;-15,5816698074341;47,3400001525879;1,1599999666214
-47,5485992431641;-15,5816698074341;47,3400001525879;1,1599999666214
-47,5485992431641;-15,5816698074341;47,3300018310547;1,1599999666214
-47,5485992431641;-15,5816698074341;47,3300018310547;1,1599999666214
-47,5485992431641;-15,5816698074341;47,3300018310547;1,1599999666214
-47,5485992431641;-15,5816698074341;47,3300018310547;1,1599999666214
-47,5486793518066;-15,5816698074341;47,3300018310547;1,1599999666214
-47,5486793518066;-15,5816698074341;47,3300018310547;1,1599999666214
-47,5486793518066;-15,5816698074341;47,3300018310547;1,1599999666214
-47,5486793518066;-15,5816698074341;47,3300018310547;1,1599999666214
-47,5486793518066;-15,5816698074341;47,3300018310547;1,1599999666214
-47,5487289428711;-15,5816698074341;47,3300018310547;1,05999994277954
-47,5487785339355;-15,5816698074341;47,3300018310547;1,05999994277954
-47,5487785339355;-15,5816698074341;47,3300018310547;1,05999994277954
-47,5488014221191;-15,5816698074341;47,3300018310547;1,05999994277954
-47,5488014221191;-15,5816698074341;47,3300018310547;1,05999994277954
-47,5488204956055;-15,5816698074341;47,3300018310547;1,05999994277954
-47,5488204956055;-15,5816698074341;47,3300018310547;1,05999994277954
-47,5488204956055;-15,5816698074341;47,3300018310547;1,05999994277954
-47,5488510131836;-15,5816698074341;47,3300018310547;1,05999994277954
-47,5488510131836;-15,5816698074341;47,3300018310547;1,05999994277954
-47,5488510131836;-15,5816698074341;47,3300018310547;1,05999994277954
-47,5488510131836;-15,5816698074341;47,3300018310547;1,05999994277954
-47,5488510131836;-15,5816698074341;47,3300018310547;1,05999994277954
-47,5488510131836;-15,5816698074341;47,3300018310547;1,05999994277954
-47,5488510131836;-15,5816698074341;47,3300018310547;1,05999994277954
-47,5488510131836;-15,5816698074341;47,4900016784668;1,05999994277954
-47,5488510131836;-15,5816698074341;47,4900016784668;1,05999994277954
-47,5488510131836;-15,5816698074341;47,4900016784668;0,930000007152557
-47,5489196777344;-15,5816698074341;47,4900016784668;0,930000007152557
-47,5489196777344;-15,5816698074341;47,4900016784668;0,930000007152557
-47,5489196777344;-15,5816698074341;47,4900016784668;0,930000007152557
-47,5489196777344;-15,5816698074341;47,4900016784668;0,930000007152557
-47,5489196777344;-15,5816698074341;47,4900016784668;0,930000007152557
-47,5489196777344;-15,5816698074341;47,4900016784668;0,930000007152557
-47,5489196777344;-15,5816698074341;47,4900016784668;0,930000007152557
-47,5489883422852;-15,5816698074341;47,4900016784668;0,930000007152557
-47,5489883422852;-15,5816698074341;47,4900016784668;0,930000007152557
-47,5489883422852;-15,5816698074341;47,4900016784668;0,930000007152557
-47,5489883422852;-15,5816698074341;47,4900016784668;0,930000007152557
-47,5489883422852;-15,5816698074341;47,4900016784668;0,930000007152557
-47,5489883422852;-15,5816698074341;47,4900016784668;0,930000007152557
-47,5490608215332;-15,5816698074341;47,4900016784668;0,930000007152557
-47,5490608215332;-15,5816698074341;47,4900016784668;0,930000007152557
-47,5490608215332;-15,5816698074341;47,4900016784668;1,46000003814697
-47,5490608215332;-15,5816698074341;47,4900016784668;1,46000003814697
-47,5490608215332;-15,5816698074341;45,8699989318848;1,46000003814697
-47,5490608215332;-15,5816698074341;45,8699989318848;1,46000003814697
-47,5490608215332;-15,5816698074341;45,8699989318848;1,46000003814697
-47,549129486084;-15,5816698074341;45,8699989318848;1,46000003814697
-47,549129486084;-15,5816698074341;45,8699989318848;1,46000003814697
-47,549129486084;-15,5816698074341;45,8699989318848;1,46000003814697
-47,549129486084;-15,5816698074341;45,8699989318848;1,46000003814697
-47,5492210388184;-15,5816698074341;45,8699989318848;1,46000003814697
-47,5492210388184;-15,5816698074341;45,8699989318848;1,46000003814697
-47,5492210388184;-15,5816698074341;45,8699989318848;1,46000003814697
-47,5492210388184;-15,5816698074341;45,8699989318848;1,46000003814697
-47,5492210388184;-15,5816698074341;45,8699989318848;1,46000003814697
-47,5492210388184;-15,5816698074341;45,8699989318848;1,46000003814697
-47,5492210388184;-15,5816698074341;45,8699989318848;1,46000003814697
-47,5493087768555;-15,5816698074341;45,8699989318848;1,46000003814697
-47,5493087768555;-15,5816698074341;45,8699989318848;1,46000003814697
-47,5493087768555;-15,5816698074341;45,8699989318848;1,46000003814697
-47,5493087768555;-15,5816698074341;45,8699989318848;0,829999983310699
-47,5493087768555;-15,5816698074341;45,8699989318848;0,829999983310699
-47,5493087768555;-15,5816698074341;45,8699989318848;0,829999983310699
-47,5493316650391;-15,5816698074341;45,8699989318848;0,829999983310699
-47,5493316650391;-15,5816698074341;45,8699989318848;0,829999983310699
-47,5493316650391;-15,5816698074341;41,6399993896484;0,829999983310699
-47,5493316650391;-15,5816698074341;41,6399993896484;0,829999983310699
-47,5493316650391;-15,5816698074341;41,6399993896484;0,829999983310699
-47,5493316650391;-15,5816698074341;41,6399993896484;0,829999983310699
-47,5493812561035;-15,5816698074341;41,6399993896484;0,829999983310699
-47,5493812561035;-15,5816698074341;41,6399993896484;0,829999983310699
-47,5494384765625;-15,5816698074341;41,6399993896484;0,829999983310699
-47,5494384765625;-15,5816698074341;41,6399993896484;0,829999983310699
-47,5494384765625;-15,5816698074341;41,6399993896484;0,829999983310699
-47,5494384765625;-15,5816698074341;41,6399993896484;0,829999983310699
-47,5494613647461;-15,5816698074341;41,6399993896484;0,829999983310699
-47,5494613647461;-15,5816698074341;41,6399993896484;0,829999983310699
-47,5494613647461;-15,5816698074341;41,6399993896484;0,829999983310699
-47,5494613647461;-15,5816698074341;41,6399993896484;0,829999983310699
-47,5494613647461;-15,5816698074341;41,6399993896484;0,769999980926514
-47,5494613647461;-15,5816698074341;41,6399993896484;0,769999980926514
-47,5494995117188;-15,5816698074341;41,6399993896484;0,769999980926514
-47,5494995117188;-15,5816698074341;41,6399993896484;0,769999980926514
-47,5494995117188;-15,5816698074341;41,6399993896484;0,769999980926514
-47,549560546875;-15,5816698074341;41,6399993896484;0,769999980926514
-47,5495681762695;-15,5816698074341;41,6399993896484;0,769999980926514
-47,5495681762695;-15,5816698074341;38,3400001525879;0,769999980926514
-47,5495910644531;-15,5816698074341;38,3400001525879;0,769999980926514
-47,5496101379395;-15,5816698074341;38,3400001525879;0,769999980926514
-47,5496101379395;-15,5816698074341;38,3400001525879;0,769999980926514
-47,5496215820313;-15,5816698074341;38,3400001525879;0,769999980926514
-47,5496215820313;-15,5816698074341;38,3400001525879;0,769999980926514
-47,5496215820313;-15,5816698074341;38,3400001525879;0,769999980926514
-47,5496406555176;-15,5816698074341;38,3400001525879;0,769999980926514
-47,5496597290039;-15,5816698074341;38,3400001525879;0,769999980926514
-47,5496597290039;-15,5816698074341;38,3400001525879;0,769999980926514
-47,5496597290039;-15,5816698074341;38,3400001525879;0,769999980926514
-47,5496711730957;-15,5816698074341;38,3400001525879;0,769999980926514
-47,5496711730957;-15,5816698074341;38,3400001525879;0,769999980926514
-47,5497016906738;-15,5816698074341;38,3400001525879;1,03999996185303
-47,5497016906738;-15,5816698074341;38,3400001525879;1,03999996185303
-47,5497016906738;-15,5816698074341;27,5200004577637;1,03999996185303
-47,5497093200684;-15,5816698074341;27,5200004577637;1,03999996185303
-47,5497093200684;-15,5816698074341;27,5200004577637;1,03999996185303
-47,5497093200684;-15,5816698074341;27,5200004577637;1,03999996185303
-47,5497398376465;-15,5816698074341;27,5200004577637;1,03999996185303
-47,5497398376465;-15,5816698074341;27,5200004577637;1,03999996185303
-47,5497817993164;-15,5816698074341;27,5200004577637;1,03999996185303
-47,5497817993164;-15,5816698074341;27,5200004577637;1,03999996185303
-47,5497817993164;-15,5816698074341;27,5200004577637;1,03999996185303
-47,5498008728027;-15,5816698074341;27,5200004577637;1,03999996185303
-47,5498313903809;-15,5816698074341;27,5200004577637;1,03999996185303
-47,5498313903809;-15,5816698074341;27,5200004577637;1,03999996185303
-47,5498390197754;-15,5816698074341;27,5200004577637;1,03999996185303
-47,5498390197754;-15,5816698074341;27,5200004577637;1,03999996185303
-47,5498580932617;-15,5816698074341;25,7399997711182;1,03999996185303
-47,5498695373535;-15,5816698074341;25,7399997711182;1,03999996185303
-47,5498695373535;-15,5816698074341;25,7399997711182;1,03999996185303
-47,5498695373535;-15,5816698074341;25,7399997711182;1,03999996185303
-47,5498809814453;-15,5816698074341;25,7399997711182;1,25999999046326
-47,5498809814453;-15,5816698074341;25,7399997711182;1,25999999046326
-47,5498809814453;-15,5816698074341;25,7399997711182;1,25999999046326
-47,5498809814453;-15,5816698074341;25,7399997711182;1,25999999046326
-47,5498809814453;-15,5816698074341;25,7399997711182;1,25999999046326
-47,5498809814453;-15,5816698074341;25,7399997711182;1,25999999046326
-47,5498809814453;-15,5816698074341;25,7399997711182;1,25999999046326
-47,5498809814453;-15,5816698074341;25,7399997711182;1,25999999046326
-47,5498809814453;-15,5816698074341;25,7399997711182;1,25999999046326
-47,5499114990234;-15,5816698074341;25,7399997711182;1,25999999046326
-47,5499114990234;-15,5816698074341;25,7399997711182;1,25999999046326
-47,5499114990234;-15,5816698074341;25,8600006103516;1,25999999046326
-47,5500183105469;-15,5816698074341;25,8600006103516;1,25999999046326
-47,5500183105469;-15,5816698074341;25,8600006103516;1,25999999046326
-47,5500297546387;-15,5816698074341;25,8600006103516;1,25999999046326
-47,5500297546387;-15,5816698074341;25,8600006103516;1,25999999046326
-47,5500411987305;-15,5816698074341;25,8600006103516;1,25999999046326
-47,5500411987305;-15,5816698074341;25,8600006103516;1,25999999046326
-47,550048828125;-15,5816698074341;25,8600006103516;1,25999999046326
-47,550048828125;-15,5816698074341;25,8600006103516;1,25999999046326
-47,5500793457031;-15,5816698074341;25,8600006103516;1
-47,5500793457031;-15,5816698074341;25,8600006103516;1
-47,5500984191895;-15,5816698074341;25,8600006103516;1
-47,5500984191895;-15,5816698074341;25,8600006103516;1
-47,5501098632813;-15,5816698074341;25,8600006103516;1
-47,5501098632813;-15,5816698074341;26,5;1
-47,550121307373;-15,5816698074341;26,5;1
-47,550121307373;-15,5816698074341;26,5;1
-47,550121307373;-15,5816698074341;26,5;1
-47,550121307373;-15,5816698074341;26,5;1
-47,550121307373;-15,5816698074341;26,5;1
-47,550121307373;-15,5816698074341;26,5;1
-47,5501518249512;-15,5816698074341;26,5;1
-47,5501518249512;-15,5816698074341;26,5;1
-47,5501518249512;-15,5816698074341;26,5;1
-47,5501518249512;-15,5816698074341;26,5;1
-47,5501518249512;-15,5816698074341;26,5;1
-47,5501518249512;-15,5816698074341;26,5;1
-47,5501518249512;-15,5816698074341;26,5;1
-47,5501518249512;-15,5816698074341;26,5;1
-47,5501518249512;-15,5816698074341;26,5;0,790000021457672
-47,5502510070801;-15,5816698074341;26,5;0,790000021457672
-47,5502815246582;-15,5816698074341;26,5;0,790000021457672
-47,5502815246582;-15,5816698074341;31,7099990844727;0,790000021457672
-47,5502815246582;-15,5816698074341;31,7099990844727;0,790000021457672
-47,5503005981445;-15,5816698074341;31,7099990844727;0,790000021457672
-47,5503005981445;-15,5816698074341;31,7099990844727;0,790000021457672
-47,5503311157227;-15,5816698074341;31,7099990844727;0,790000021457672
-47,5503311157227;-15,5816698074341;31,7099990844727;0,790000021457672
-47,5503311157227;-15,5816698074341;31,7099990844727;0,790000021457672
-47,5503311157227;-15,5816698074341;31,7099990844727;0,790000021457672
-47,550350189209;-15,5816698074341;31,7099990844727;0,790000021457672
-47,550350189209;-15,5816698074341;31,7099990844727;0,790000021457672
-47,550350189209;-15,5816698074341;31,7099990844727;0,790000021457672
-47,550350189209;-15,5816698074341;31,7099990844727;0,790000021457672
-47,5503807067871;-15,5816698074341;31,7099990844727;0,790000021457672
-47,5503807067871;-15,5816698074341;31,7099990844727;0,790000021457672
-47,5503807067871;-15,5816698074341;31,7099990844727;0,790000021457672
-47,5504302978516;-15,5816698074341;31,7099990844727;0,790000021457672
-47,5504302978516;-15,5816698074341;31,5699996948242;5,8600001335144
-47,5504302978516;-15,5816698074341;31,5699996948242;5,8600001335144
-47,5504302978516;-15,5816698074341;31,5699996948242;5,8600001335144
-47,5504302978516;-15,5816698074341;31,5699996948242;5,8600001335144
-47,5504608154297;-15,5816698074341;31,5699996948242;5,8600001335144
-47,5504608154297;-15,5816698074341;31,5699996948242;5,8600001335144
-47,5504608154297;-15,5816698074341;31,5699996948242;5,8600001335144
-47,5505104064941;-15,5816698074341;31,5699996948242;5,8600001335144
-47,5505104064941;-15,5816698074341;31,5699996948242;5,8600001335144
-47,5505294799805;-15,5816698074341;31,5699996948242;5,8600001335144
-47,5505485534668;-15,5816602706909;31,5699996948242;5,8600001335144
-47,5505599975586;-15,5816602706909;31,5699996948242;5,8600001335144
-47,5505599975586;-15,5816602706909;31,5699996948242;5,8600001335144
-47,5505714416504;-15,5816497802734;22,8500003814697;5,8600001335144
-47,5505790710449;-15,5816497802734;22,8500003814697;5,8600001335144
-47,5505905151367;-15,5816497802734;22,8500003814697;5,8600001335144
-47,5505981445313;-15,5816402435303;22,8500003814697;5,8600001335144
-47,5506210327148;-15,5816402435303;22,8500003814697;5,8600001335144
-47,5506210327148;-15,5816402435303;22,8500003814697;5,8600001335144
